jeppekofod,1426950162287677440,2021-08-15 16:53:24,"b'RT @jensstoltenberg: Spoke with #UK PM @BorisJohnson and the Foreign Ministers of our Allies #Canada, #Denmark and #Netherlands on the situ\xe2\x80\xa6'"
jeppekofod,1426196109895127052,2021-08-13 14:57:04,"b'Danskere i Afghanistan b\xc3\xb8r forlade landet omg\xc3\xa5ende.\n\nDen danske ambassade i Kabul lukkes midlertidigt, inden for ko\xe2\x80\xa6 https://t.co/8ZJ2CGoye1'"
jeppekofod,1424748837525204997,2021-08-09 15:06:08,b'\xf0\x9f\xa4\x8d\xe2\x9d\xa4\xef\xb8\x8f\xf0\x9f\xa4\x8d Today marks the 1-year anniversary of the stolen election in #Belarus.\n\nDenmark stands unwaveringly with the B\xe2\x80\xa6 https://t.co/6xnAknGzAj'
jeppekofod,1424381051955294208,2021-08-08 14:44:41,b'Denmark fully backs and joins the international condemnation of this heinous attack.\xc2\xa0\n\nOur thoughts are with the cr\xe2\x80\xa6 https://t.co/RQCwTdM5q6'
jeppekofod,1422500335105581056,2021-08-03 10:11:23,b'Deeply shocked by the horrific death of Belarusian NGO leader Vitaly #Shishov\n\nCall on the authorities in Kyiv to g\xe2\x80\xa6 https://t.co/xczSZNkdxe'
jeppekofod,1420820076974985224,2021-07-29 18:54:38,"b'RT @berlingske: \xc2\xbbDanmark lader ikke nogen i stikken,\xc2\xab skriver @JeppeKofod med henvisning til et citat fra forsvarsordf\xc3\xb8rer @larsclilleholt\xe2\x80\xa6'"
jeppekofod,1420749714924789765,2021-07-29 14:15:02,"b'RT @EUACI_Ukraine: \xf0\x9f\x99\x8c EUACI is blessed to work with dedicated, smart &amp; hard-working individuals who are taking the lead in combating corrupt\xe2\x80\xa6'"
jeppekofod,1420654160702226433,2021-07-29 07:55:21,"b'\xf0\x9f\x87\xab\xf0\x9f\x87\xb4G\xc3\xb3\xc3\xb0a \xc3\xb3lavs\xc3\xb8ku!\n \nJeg \xc3\xb8nsker alle f\xc3\xa6ringer en rigtig god, festlig og hyggelig fejring \xf0\x9f\x87\xab\xf0\x9f\x87\xb4\xf0\x9f\x87\xab\xf0\x9f\x87\xb4\xf0\x9f\x87\xab\xf0\x9f\x87\xb4\n\n\xf0\x9f\x93\xb8 Fra mit seneste be\xe2\x80\xa6 https://t.co/LvIdcTnhFR'"
jeppekofod,1418543123131666436,2021-07-23 12:06:50,b'Severe rainfall in #Henan province in Central China has caused heavy casualties and forced thousands to leave their\xe2\x80\xa6 https://t.co/EIZkJaER7q'
jeppekofod,1418141913857802244,2021-07-22 09:32:34,"b'I dag g\xc3\xa5r alle tanker til vores norske broderfolk, de overlevende, efterladte &amp; AUF \xf0\x9f\x87\xb3\xf0\x9f\x87\xb4\xf0\x9f\x8c\xb9\n\n#22juli s\xc3\xa5 vi den pureste\xe2\x80\xa6 https://t.co/ANyZVukt1J'"
jeppekofod,1417061229013700614,2021-07-19 09:58:19,"b'Denmark shares EU concerns over cyberattacks undertaken from China\xe2\x80\x99s territory affecting our economy, security.\n\nAc\xe2\x80\xa6 https://t.co/B6J2O3wz4S'"
jeppekofod,1415975161757536257,2021-07-16 10:02:40,"b'The devastating loss of life, high number of injured &amp; missing persons caused by floods in Germany, Belgium, Luxemb\xe2\x80\xa6 https://t.co/DdgxteIasI'"
jeppekofod,1415357318863204361,2021-07-14 17:07:35,"b'Lukashenko again targeting human rights defenders, journalists in #Belarus, many detained following raids\n\nI call f\xe2\x80\xa6 https://t.co/DmIZLY8xJb'"
jeppekofod,1415195530729304064,2021-07-14 06:24:42,b'RT @DenmarkinUSA: Great to have \xf0\x9f\x87\xa9\xf0\x9f\x87\xb0 Foreign Minister @JeppeKofod virtually attend @AiCommission #NSCAI Summit today presenting the Danish go\xe2\x80\xa6'
jeppekofod,1414916723724234756,2021-07-13 11:56:49,"b'RT @DanishMFA: Opbakning i \xf0\x9f\x87\xaa\xf0\x9f\x87\xba til \xf0\x9f\x87\xa9\xf0\x9f\x87\xb0 tech-initiativ\n\n""Det vigtigste er, at vi sikrer, at teknologierne fremmer de v\xc3\xa6rdier, som vi har i EU.\xe2\x80\xa6'"
jeppekofod,1414629550546432002,2021-07-12 16:55:42,"b'RT @AuswaertigesAmt: @HeikoMaas hat seine nordischen Amtskollegen @AnnLinde \xf0\x9f\x87\xb8\xf0\x9f\x87\xaa, @JeppeKofod \xf0\x9f\x87\xa9\xf0\x9f\x87\xb0 &amp; @Haavisto \xf0\x9f\x87\xab\xf0\x9f\x87\xae in Br\xc3\xbcssel getroffen: Enge Ab\xe2\x80\xa6'"
jeppekofod,1414514826618052609,2021-07-12 09:19:49,"b'RT @vestager: Excellent discussion on geopolitics of technology at the Foreign Affairs Council #FAC @JosepBorrellF - great input by all, le\xe2\x80\xa6'"
jeppekofod,1413196375609774080,2021-07-08 18:00:46,"b'RT @DKAMBinLT: Good-bye Minister @JeppeKofod. Great to have you in #Vilnius for two days, learning first hand about your political engageme\xe2\x80\xa6'"
jeppekofod,1413173616947118088,2021-07-08 16:30:20,"b'RT @DanishMFA: Denne uge bes\xc3\xb8gte udenrigsminister @JeppeKofod Litauen, hvor han m\xc3\xb8dtes med belarusere i eksil, herunder unge studerende fra\xe2\x80\xa6'"
jeppekofod,1413098224672514054,2021-07-08 11:30:45,b'RT @DanishMFA: Today @JeppeKofod announced EUR 500.000 in Danish financial support to Council of Europe Action Plan for #Ukraine in meeting\xe2\x80\xa6'
jeppekofod,1413097937803124736,2021-07-08 11:29:37,"b'RT @Tsihanouskaya: I was glad to welcome \xf0\x9f\x87\xa9\xf0\x9f\x87\xb0 FM @JeppeKofod in Vilnius today. I shared my concerns on repressions against independent media,\xe2\x80\xa6'"
jeppekofod,1413088900856360960,2021-07-08 10:53:42,b'RT @MarijaPBuric: Thanks @JeppeKofod @DanishMFA for a very fruitful discussion this morning in #Vilnius @coe / Merci @JeppeKofod @DanishMFA\xe2\x80\xa6'
jeppekofod,1412894857241182211,2021-07-07 22:02:38,b'RT @DominicRaab: Huge credit to the Danish team. What guts and determination - true to form. Looking forward to the final on Sunday - come\xe2\x80\xa6'
jeppekofod,1412889843428954119,2021-07-07 21:42:43,"b'What a match, what a roller coaster!\n\nWhat a beautiful performance by the #DEN team. You are all heroes and we coul\xe2\x80\xa6 https://t.co/kPfD1uYGN2'"
jeppekofod,1412823817660030977,2021-07-07 17:20:21,b'RT @DominicRaab: You\xe2\x80\x99re on my friend - looking forward to a great match!'
jeppekofod,1412818483843416070,2021-07-07 16:59:10,"b'#DEN #ENG \n\nDenmark &amp; England agree on most things:\n\n\xf0\x9f\x87\xa9\xf0\x9f\x87\xb0\xf0\x9f\x8f\xb4\xf3\xa0\x81\xa7\xf3\xa0\x81\xa2\xf3\xa0\x81\xa5\xf3\xa0\x81\xae\xf3\xa0\x81\xa7\xf3\xa0\x81\xbfFlags are red &amp; white,\n\xf0\x9f\x91\xb8Queens rule,\n\xe2\x9a\xbd\xef\xb8\x8fand tonight at\xe2\x80\xa6 https://t.co/zCjWjWTT0E'"
jeppekofod,1412803944141688836,2021-07-07 16:01:23,"b'\xe2\x80\x9cPlease don\xe2\x80\x99t forget us. Don\xe2\x80\x99t forget Belarus!\xe2\x80\x9d\n\nAn important reminder for Europe from Belarusian students, I had t\xe2\x80\xa6 https://t.co/4CznCrY7SV'"
jeppekofod,1412680745252962305,2021-07-07 07:51:50,"b""RT @DanishMFA: I dag er @JeppeKofod rejst til Litauen for at presse p\xc3\xa5 for reformer i Ukraine. Her m\xc3\xb8dte han \xf0\x9f\x87\xba\xf0\x9f\x87\xa6's pr\xc3\xa6sident @ZelenskyyUa.\xe2\x80\xa6"""
jeppekofod,1412663146314076169,2021-07-07 06:41:54,b'RT @DKAMBinLT: #Ukraine Reform Conference is taking place in #Vilnius 7-8 July. Danish Minister for Foreign Affairs @JeppeKofod is particip\xe2\x80\xa6'
jeppekofod,1410955320646643717,2021-07-02 13:35:37,b'RT @DanishMFA: \xf0\x9f\x87\xb2\xf0\x9f\x87\xa6\xf0\x9f\x87\xa9\xf0\x9f\x87\xb0Denne uge bes\xc3\xb8gte udenrigsminister @JeppeKofod Marokko for at knytte endnu t\xc3\xa6ttere b\xc3\xa5nd mellem vores to lande. Her var b\xe2\x80\xa6'
jeppekofod,1410678006532784129,2021-07-01 19:13:40,b'RT @OliverVarhelyi: Warm welcome to this important gesture by #Denmark and a significant contribution to the vaccination campaigns in our #\xe2\x80\xa6'
jeppekofod,1410630265198743553,2021-07-01 16:03:58,b'RT @AlEmbDenmark: Tusind tak Danmark @JeppeKofod @OltaXhacka @DanishMFA @AlbanianDiplo for the precious support to Albania and to countries\xe2\x80\xa6'
jeppekofod,1410613774080376838,2021-07-01 14:58:26,b'RT @Bujar_O: \xe2\x98\x8e\xef\xb8\x8f\xc2\xa0 Had a phone conversation w/ my dear \xf0\x9f\x87\xa9\xf0\x9f\x87\xb0 collegue @JeppeKofod announcing me the excellent news to deliver 1M #COVID19 vaccin\xe2\x80\xa6'
jeppekofod,1410613538742099974,2021-07-01 14:57:30,"b'\xf0\x9f\x87\xa9\xf0\x9f\x87\xb0\xf0\x9f\x87\xa6\xf0\x9f\x87\xb1\xf0\x9f\x87\xa7\xf0\x9f\x87\xa6\xf0\x9f\x87\xbd\xf0\x9f\x87\xb0\xf0\x9f\x87\xb2\xf0\x9f\x87\xb0\xf0\x9f\x92\x89\nVores naboer p\xc3\xa5 Balkan oplever en stor vaccinemangel, som b\xc3\xa5de belaster de enkelte samfund og \xc3\xb8ger risi\xe2\x80\xa6 https://t.co/UM31zLgltA'"
jeppekofod,1410552247671529480,2021-07-01 10:53:57,b'Very concerned about ongoing crisis in #Eswatini \xf0\x9f\x87\xb8\xf0\x9f\x87\xbf\n\nCall for restraint. Peaceful demonstrations must be respected\xe2\x80\xa6 https://t.co/gOKy91lslk'
jeppekofod,1410290476587102213,2021-06-30 17:33:46,"b'\xf0\x9f\x87\xb2\xf0\x9f\x87\xa6\xf0\x9f\x87\xa9\xf0\x9f\x87\xb0\xe2\x9a\x93\xef\xb8\x8fStor forn\xc3\xb8jelse at bes\xc3\xb8ge Tanger havn i eftermiddag, hvor @Maersk er hovedinvestor med 5 mia kr. #dkbiz er me\xe2\x80\xa6 https://t.co/GKtWSX3zGm'"
jeppekofod,1410257587136872455,2021-06-30 15:23:04,"b'\xf0\x9f\x87\xb2\xf0\x9f\x87\xa6\xf0\x9f\x87\xa9\xf0\x9f\x87\xb0Glad to meet good colleague MFA Bourita today\n\nFruitful, constructive discussions on climate, regional affairs,\xe2\x80\xa6 https://t.co/hlAFhMNUGD'"
jeppekofod,1409956364412149762,2021-06-29 19:26:07,b'Ogs\xc3\xa5 en s\xc3\xa6rlig stor tak til den danske ambassade i Bukarest og gode medarbejdere i @DanishMFA for at sikre mulighed\xe2\x80\xa6 https://t.co/MatrVieS8R'
jeppekofod,1409947438710935556,2021-06-29 18:50:39,"b'\xf0\x9f\x87\xa9\xf0\x9f\x87\xb0\xf0\x9f\x87\xb7\xf0\x9f\x87\xb4\xf0\x9f\x92\x89Stor tak til Rum\xc3\xa6nien for det gode samarbejde! \n\nK\xc3\xb8b af knap 1,2 millioner vacciner er et st\xc3\xa6rkt signal om eur\xe2\x80\xa6 https://t.co/PkZLMo7jUg'"
jeppekofod,1409809174364622849,2021-06-29 09:41:14,"b'Bes\xc3\xb8ger Marokko de n\xc3\xa6ste dage\xc2\xa0\xf0\x9f\x87\xb2\xf0\x9f\x87\xa6\n\nSer frem til gode samtaler, bl.a. med unge iv\xc3\xa6rks\xc3\xa6ttere og min marokkanske kolleg\xe2\x80\xa6 https://t.co/uyrJaTOndj'"
jeppekofod,1409442517427367939,2021-06-28 09:24:16,b'Great to attend first in-person meeting of the Global @coalition to Defeat ISIS in two years\n\nThanks to co-chairs\xe2\x80\xa6 https://t.co/nf4Hz1Wntk'
jeppekofod,1407695023307735041,2021-06-23 13:40:21,"b'Igen triste nyheder fra Hong Kong. \n\nFundamentale rettigheder, oppositionen og den frie presse indskr\xc3\xa6nkes yderlige\xe2\x80\xa6 https://t.co/1v7uKqqkVl'"
jeppekofod,1407588195286536195,2021-06-23 06:35:52,b'@RegionH @larsgaardhoj @SophieHAndersen Tillykkke Lars \xf0\x9f\x98\x8a\xf0\x9f\x91\x8d\xf0\x9f\x8c\xb9'
jeppekofod,1407408197128818689,2021-06-22 18:40:37,"b'RT @SRBinEU: Informal discussion of Serbian Prime Minister Ana Brnabic @anabrnabic , Minister Jadranka Joksimovic, ambassador Ana Hrustanov\xe2\x80\xa6'"
jeppekofod,1407355866865602563,2021-06-22 15:12:40,b'Strong\xc2\xa0message from\xc2\xa0\xf0\x9f\x87\xa7\xf0\x9f\x87\xaa\xf0\x9f\x87\xa9\xf0\x9f\x87\xb0\xf0\x9f\x87\xaa\xf0\x9f\x87\xaa\xf0\x9f\x87\xab\xf0\x9f\x87\xae\xf0\x9f\x87\xab\xf0\x9f\x87\xb7\xf0\x9f\x87\xa9\xf0\x9f\x87\xaa\xf0\x9f\x87\xae\xf0\x9f\x87\xaa\xf0\x9f\x87\xb1\xf0\x9f\x87\xbb\xf0\x9f\x87\xb1\xf0\x9f\x87\xb9\xf0\x9f\x87\xb1\xf0\x9f\x87\xba\xf0\x9f\x87\xb3\xf0\x9f\x87\xb1\xf0\x9f\x87\xaa\xf0\x9f\x87\xb8\xf0\x9f\x87\xb8\xf0\x9f\x87\xaa today:\n\nDiscrimination of #LGBTI \xf0\x9f\x8f\xb3\xef\xb8\x8f\xe2\x80\x8d\xf0\x9f\x8c\x88 persons is totally unacceptabl\xe2\x80\xa6 https://t.co/ueOGXlr3pG'
jeppekofod,1407352708835721227,2021-06-22 15:00:07,"b'RT @CBeaune: #Etatdedroit | Rencontre avec la commissaire @VeraJourova, les ministres @SigridKaag \xf0\x9f\x87\xb3\xf0\x9f\x87\xb1 et @JeppeKofod \xf0\x9f\x87\xa9\xf0\x9f\x87\xb0.\nAvec mes homologues\xe2\x80\xa6'"
jeppekofod,1407279903695851520,2021-06-22 10:10:49,"b'\xf0\x9f\x8f\xb3\xef\xb8\x8f\xe2\x80\x8d\xf0\x9f\x8c\x88\xf0\x9f\x87\xaa\xf0\x9f\x87\xba We have to fight for our fundamental values!\xc2\xa0\n\nUseful exchange with Commissioner @VeraJourova, @CBeaune and\xe2\x80\xa6 https://t.co/XXRhW6yRnd'"
jeppekofod,1407269703458906121,2021-06-22 09:30:17,"b'Respekt for grundl\xc3\xa6ggende rettigheder, mangfoldighed og retten til \xc3\xa5bent at v\xc3\xa6re hvem man er, er grundl\xc3\xa6ggende euro\xe2\x80\xa6 https://t.co/vhe8AdoI5j'"
jeppekofod,1407215218862788610,2021-06-22 05:53:47,"b'\xf0\x9f\x87\xa9\xf0\x9f\x87\xb0\xf0\x9f\x87\xa9\xf0\x9f\x87\xb0\xf0\x9f\x87\xa9\xf0\x9f\x87\xb0 Stort tillykke til @dbulandshold med kvalifikationen! \n\n\xe2\x9c\x88\xef\xb8\x8f Roligans, der gerne vil rejse for at se kampen p\xc3\xa5\xe2\x80\xa6 https://t.co/q7CK9zU48x'"
jeppekofod,1407082279617368068,2021-06-21 21:05:32,b'Selvom man er til EU r\xc3\xa5dsm\xc3\xb8de i Luxembourg kan man godt gl\xc3\xa6de sig over fantastisk dansk sejr (og tak til Belgien).\xe2\x80\xa6 https://t.co/1F2U5ye6EH'
jeppekofod,1407017799067766788,2021-06-21 16:49:19,"b""RT @SecBlinken: I welcome the UK's and EU's sanctions on Burmese individuals and entities. The international community's unified message is\xe2\x80\xa6"""
jeppekofod,1406991492070129666,2021-06-21 15:04:47,b'Good discussion w/ @Tsihanouskaya today. \xf0\x9f\x87\xa9\xf0\x9f\x87\xb0 stands by the Belarusian people.\n\xc2\xa0\nNo impunity for #HumanRights violati\xe2\x80\xa6 https://t.co/m8ZoinMVQP'
jeppekofod,1406921430047023108,2021-06-21 10:26:22,"b'\xf0\x9f\x87\xac\xf0\x9f\x87\xb1 Kalaallit\xc2\xa0inuiattut ullorsiornitsinni pilluaritsi! \n\nGl\xc3\xa6delig nationaldag, Gr\xc3\xb8nland!\n\nDe r\xc3\xb8d-hvide flag er hejst\xe2\x80\xa6 https://t.co/TZPgfFfVGg'"
jeppekofod,1406311652555907076,2021-06-19 18:03:20,"b'K\xc3\xa6mpe tillykke til @AajaCL med \xc3\xa5rets Dialogpris. S\xc3\xa5 fortjent! \xf0\x9f\x87\xac\xf0\x9f\x87\xb1\n\nAltid klar i m\xc3\xa6let, skarp i viddet og ordentlig o\xe2\x80\xa6 https://t.co/zu5qRdhFym'"
jeppekofod,1406215214580781059,2021-06-19 11:40:08,b'RT @BosseStine: What a day \xf0\x9f\x91\x8c\xf0\x9f\x8f\xbc\xe2\xad\x90\xef\xb8\x8f \xe2\x81\xa6@vestager\xe2\x81\xa9 \xe2\x81\xa6@JeppeKofod\xe2\x81\xa9 \xf0\x9f\x87\xa9\xf0\x9f\x87\xb0\xf0\x9f\x87\xaa\xf0\x9f\x87\xba\xf0\x9f\x87\xa9\xf0\x9f\x87\xb0\xf0\x9f\x87\xaa\xf0\x9f\x87\xba\xf0\x9f\x91\x8f\xf0\x9f\x8f\xbc #dkpol \xe2\x81\xa6@EuropaBev\xe2\x81\xa9 https://t.co/jdkPLIbqg8'
jeppekofod,1406213938279325697,2021-06-19 11:35:03,"b'RT @GadMarie: Vi er helt klar til vigtig debat om demokrati og digital ansvarlighed @JeppeKofod, @Kirstenbrosbol @digiNans og @r_stuhr p\xc3\xa5 @\xe2\x80\xa6'"
jeppekofod,1405970176236044296,2021-06-18 19:26:26,b'Congratulations to @antonioguterres on re-appointment as #UNSG\xc2\xa0\xf0\x9f\x87\xba\xf0\x9f\x87\xb3\n\n#Denmark\xc2\xa0\xf0\x9f\x87\xa9\xf0\x9f\x87\xb0\xc2\xa0looks forward to working together\xc2\xa0on\xe2\x80\xa6 https://t.co/6YmYAb3IXT'
jeppekofod,1405815510982402049,2021-06-18 09:11:51,b'Deeply regret Russia\xe2\x80\x99s decision to withdraw from Open Skies Treaty\n\xc2\xa0\nRussia bears full responsibility for the fate\xe2\x80\xa6 https://t.co/PbnVFPwLQt'
jeppekofod,1405587509078331397,2021-06-17 18:05:51,b'Fantastisk flot kamp \xf0\x9f\x87\xa9\xf0\x9f\x87\xb0drenge. S\xc3\xa5 stolt. Jeg er sgu ligeglad med resultatet \xf0\x9f\x92\xaa\xe2\x9a\xbd\xef\xb8\x8f\xf0\x9f\x87\xa9\xf0\x9f\x87\xb0. #ForDanmark #EURO2020'
jeppekofod,1405570620931416065,2021-06-17 16:58:44,b'\xf0\x9f\x9f\xa2\xe2\x9c\x88\xef\xb8\x8f\xf0\x9f\x8c\x8d Godt nyt: 26. juni vender de gr\xc3\xb8nne rejsevejledninger tilbage.\n\nI dag er det 468 dage siden Udenrigsministerie\xe2\x80\xa6 https://t.co/qg36iKEjgM'
jeppekofod,1405498306848038923,2021-06-17 12:11:23,"b'\xf0\x9f\x87\xae\xf0\x9f\x87\xb8Gle\xc3\xb0ilegan \xc3\xbej\xc3\xb3\xc3\xb0h\xc3\xa1t\xc3\xad\xc3\xb0ardag!\n\nHappy national day to our allies, close friends, Nordic brothers &amp; sisters in Iceland\xe2\x80\xa6 https://t.co/KRWSlhwGQT'"
jeppekofod,1405121391586906114,2021-06-16 11:13:40,b'Yesterday the Hungarian parliament adopted a deeply worrying law discriminating against #LGBTQIA persons\n\nToday\xe2\x80\xa6 https://t.co/qF8DL53FTS'
jeppekofod,1405052690888069123,2021-06-16 06:40:40,b'\xf0\x9f\x87\xaa\xf0\x9f\x87\xba\xf0\x9f\x87\xa9\xf0\x9f\x87\xb0EU-debat bliver alt for ofte en eftertanke. Noget vi klemmer ind 2-3 uger f\xc3\xb8r et EP-valg.\n\nMed Konferencen om E\xe2\x80\xa6 https://t.co/0GCmfg57sc'
jeppekofod,1404827471682408451,2021-06-15 15:45:44,b'\xf0\x9f\x87\xaa\xf0\x9f\x87\xba\xf0\x9f\x87\xba\xf0\x9f\x87\xb8 Thrilled about launch of EU-US Trade and Technology Council at today\xe2\x80\x99s Summit #EUUS\n\nVital to increase transat\xe2\x80\xa6 https://t.co/E9lGI8p6jG'
jeppekofod,1404497638708371464,2021-06-14 17:55:06,"b'RT @DanishMFA: Statsministeren, @jeppekofod og @trinebramsen p\xc3\xa5 vej hjem fra dagens NATO-topm\xc3\xb8de. \n\nDe allierede er blevet enige om denne f\xe2\x80\xa6'"
jeppekofod,1404315259482120192,2021-06-14 05:50:23,"b'\xf0\x9f\x87\xa9\xf0\x9f\x87\xb0 is ready, @DanishMFA is lit up in NATO blue and I am looking forward to today\xe2\x80\x99s #NATOSummit.\n\nNATO and our stron\xe2\x80\xa6 https://t.co/kIvg9Q8BGE'"
jeppekofod,1403812513377132548,2021-06-12 20:32:39,b'RT @GLandsbergis: @JeppeKofod \xe2\x9d\xa4\xef\xb8\x8f'
jeppekofod,1403806701841752067,2021-06-12 20:09:33,b'RT @Haavisto: \xf0\x9f\x87\xab\xf0\x9f\x87\xae\xe2\x99\xa5\xef\xb8\x8f\xf0\x9f\x87\xa9\xf0\x9f\x87\xb0'
jeppekofod,1403798285064851464,2021-06-12 19:36:07,b'Tonight\xe2\x80\x99s match will never be forgotten\nWe all hope for Eriksen\xe2\x80\x99s full recovery!\n\nA heartfelt thank you to #FIN sup\xe2\x80\xa6 https://t.co/Py2i0eRXfX'
jeppekofod,1403378892866572292,2021-06-11 15:49:36,"b'Fuldst\xc3\xa6ndig uacceptabelt at russiske fly kr\xc3\xa6nker dansk luftfrum, endda to gange p\xc3\xa5 \xc3\xa9n dag. Ligner bevidst handling\xe2\x80\xa6 https://t.co/YgyBYzrbih'"
jeppekofod,1402965840526557185,2021-06-10 12:28:16,b'Ny dansk SDG-handlingsplan \xf0\x9f\x91\x8f\xf0\x9f\x8c\x8d\n\nSt\xc3\xa6rke partnerskaber er centrale for at n\xc3\xa5 i m\xc3\xa5l.\n\n#dkbiz spiller afg\xc3\xb8rende rolle -\xe2\x80\xa6 https://t.co/WQCfXz8tfe'
jeppekofod,1402911396598325251,2021-06-10 08:51:56,b'Labelling #Navalny\xe2\x80\x99s organisations as extremist is a desperate effort to silence critical voices\n\xc2\xa0\nCriminalizing op\xe2\x80\xa6 https://t.co/MWkNetwwF0'
jeppekofod,1402686912729694210,2021-06-09 17:59:55,b'Klar dansk st\xc3\xb8tte til disse vigtige principielle markeringer fra EU\xe2\x80\x99s side overfor Kina i forhold til den st\xc3\xa6rkt be\xe2\x80\xa6 https://t.co/yi6CnzKS3P'
jeppekofod,1401802064557228033,2021-06-07 07:23:51,"b'RT @DanishMFA: Udenrigsminister @JeppeKofod  bes\xc3\xb8gte s\xc3\xb8ndag de danske styrker ved NATO\xe2\x80\x99s mission i Irak, #NMI, med danske @MichaelLollesgaa\xe2\x80\xa6'"
jeppekofod,1401100688097267713,2021-06-05 08:56:49,"b'RT @AndrewJenksNZ: Today,June 5, we celebrate Denmark\xe2\x80\x99s National Day. This day honors the Danish Constitution, as both the first constituti\xe2\x80\xa6'"
jeppekofod,1401100548460453890,2021-06-05 08:56:16,"b'RT @MFA_Ukraine: Our sincere congratulations on \xf0\x9f\x87\xa9\xf0\x9f\x87\xb0 Constitution Day! Wish the friendly people of Denmark, Foreign Minister @JeppeKofod and\xe2\x80\xa6'"
jeppekofod,1401100461155958786,2021-06-05 08:55:55,"b'RT @MZZRS: \xf0\x9f\x87\xb8\xf0\x9f\x87\xae\xf0\x9f\xa4\x9d\xf0\x9f\x87\xa9\xf0\x9f\x87\xb0 #Grundlovsdag \n\nSincere congratulations to #Denmark on #ConstitutionDay! We wish all Danes every prosperity and success, a\xe2\x80\xa6'"
jeppekofod,1401100408672735235,2021-06-05 08:55:43,"b'RT @Latvian_MFA: Happy Constitution Day to the people of Denmark!  \nBest wishes to our ally and friend, #Denmark! #Grundlovsdag \xf0\x9f\x87\xa9\xf0\x9f\x87\xb0\n\n@JeppeK\xe2\x80\xa6'"
jeppekofod,1401100340209098756,2021-06-05 08:55:26,"b'RT @Bujar_O: Tillykke med #Grundlovsdag! \xf0\x9f\x87\xb2\xf0\x9f\x87\xb0\xf0\x9f\xa4\x9d\xf0\x9f\x87\xa9\xf0\x9f\x87\xb0 \n\nIn the spirit of our friendship and cooperation, I congratulate the Constitution Day to my\xe2\x80\xa6'"
jeppekofod,1401100280641601538,2021-06-05 08:55:12,b'RT @DrSJaishankar: Congratulate FM @JeppeKofod and the Government &amp; people of Denmark on their National Day. Will continue to build on our\xe2\x80\xa6'
jeppekofod,1400840161156636674,2021-06-04 15:41:35,b'RT @DanishMFA: \xf0\x9f\x87\xaa\xf0\x9f\x87\xaa\xf0\x9f\x87\xb1\xf0\x9f\x87\xbb\xf0\x9f\x87\xb1\xf0\x9f\x87\xb9\xf0\x9f\x87\xa9\xf0\x9f\x87\xb0100 \xc3\xa5rs venskab\xe2\x99\xa5\xef\xb8\x8f\n\nI dag havde @JeppeKofod bes\xc3\xb8g af sine baltiske kolleger @eliimets @edgarsrinkevics &amp; @GLandsbergi\xe2\x80\xa6'
jeppekofod,1400751725590597636,2021-06-04 09:50:10,b'Beautiful day to continue celebrations of 100 years of \xf0\x9f\x87\xa9\xf0\x9f\x87\xb0 diplomatic relations with \xf0\x9f\x87\xaa\xf0\x9f\x87\xaa\xf0\x9f\x87\xb1\xf0\x9f\x87\xbb\xf0\x9f\x87\xb1\xf0\x9f\x87\xb9\n\nMeetings and conference\xe2\x80\xa6 https://t.co/Y358W6Y9HO'
jeppekofod,1400535529242955780,2021-06-03 19:31:05,b'Happy anniversary!\xf0\x9f\x87\xaa\xf0\x9f\x87\xaa\xf0\x9f\x87\xb1\xf0\x9f\x87\xb9\xf0\x9f\x87\xb1\xf0\x9f\x87\xbb\xf0\x9f\x87\xa9\xf0\x9f\x87\xb0\n\nHonour to participate in dinner courtesy of TRH The Crown Prince &amp; the Crown Princess c\xe2\x80\xa6 https://t.co/tQZS7hWmbc'
jeppekofod,1400146661394071554,2021-06-02 17:45:52,"b'RT @DKAMBinEstonia: \xf0\x9f\x87\xa9\xf0\x9f\x87\xb0\xf0\x9f\xa4\x9d\xf0\x9f\x87\xaa\xf0\x9f\x87\xaa\xf0\x9f\x87\xb1\xf0\x9f\x87\xbb\xf0\x9f\x87\xb1\xf0\x9f\x87\xb9 In 1921 when the official diplomatic relations were formed, the Foreign Ministry of each country was leading\xe2\x80\xa6'"
jeppekofod,1399255043862376448,2021-05-31 06:42:54,"b'\xf0\x9f\x87\xa9\xf0\x9f\x87\xb0\xe2\x80\x99s sikkerhed hviler p\xc3\xa5 mere end krudt og kugler!\n\nTrusler, udfordringer er mange.\n\nBrug for diplomatisk oprustnin\xe2\x80\xa6 https://t.co/Ec3nroVaKX'"
jeppekofod,1398942115581865991,2021-05-30 09:59:26,"b'RT @Statsmin: Statsminister Mette Frederiksen, udenrigsminister @JeppeKofod og milj\xc3\xb8minister @LeaWermelin har haft et virtuelt m\xc3\xb8de med Syd\xe2\x80\xa6'"
jeppekofod,1398921162487386112,2021-05-30 08:36:10,"b'\xf0\x9f\x87\xa9\xf0\x9f\x87\xb0\xf0\x9f\x87\xb0\xf0\x9f\x87\xb7\xf0\x9f\x8c\xb1\nAt today\xe2\x80\x99s virtual leader\xe2\x80\x99s summit, the green strategic partnership between Denmark &amp; the Republic of Korea w\xe2\x80\xa6 https://t.co/FH5fpmqjXI'"
jeppekofod,1398676106450976773,2021-05-29 16:22:24,b'RT @DanishMFA: B\xc3\xa5ndene mellem \xf0\x9f\x87\xa9\xf0\x9f\x87\xb0&amp;\xf0\x9f\x87\xa9\xf0\x9f\x87\xaa er noget s\xc3\xa6rligt. \n\nNy dansk-tysk venskabserkl\xc3\xa6ring skal s\xc3\xa6tte endnu mere skub i samarbejdet. @JeppeKof\xe2\x80\xa6'
jeppekofod,1398615154464538625,2021-05-29 12:20:12,b'Vielen Dank lieber @DGuenther_CDUSH\xc2\xa0f\xc3\xbcr den herzlichen Austausch beim Jahrestreffen der d\xc3\xa4nischen\xc2\xa0#Minderheit\xc2\xa0heute\xe2\x80\xa6 https://t.co/NhojxGXzUS'
jeppekofod,1398573810291511300,2021-05-29 09:35:55,b'Festdag i\xc2\xa0#gr\xc3\xa6nselandet: Rigtigt glad for at deltage i de danske\xc2\xa0\xc3\xa5rsm\xc3\xb8der\xc2\xa0i\xc2\xa0#Sydslesvig\n\nDejligt at m\xc3\xb8de s\xc3\xa5 mange d\xe2\x80\xa6 https://t.co/8s2AorksIB'
jeppekofod,1398297263265492995,2021-05-28 15:17:01,"b'RT @DanishMFA: Godt nyt for rejselystne danskere.\n\nI dag har regeringen lanceret det nye digitale coronapas, som kommer til at leve op til\xe2\x80\xa6'"
jeppekofod,1398221227827904515,2021-05-28 10:14:53,"b'For os, der voksede op i 80\xe2\x80\x99erne, var Schl\xc3\xbcter en helt uomg\xc3\xa6ngelig politisk figur.\n\nHan definerede n\xc3\xa6rmest et \xc3\xa5rti\xe2\x80\xa6 https://t.co/g4C36wyIwH'"
jeppekofod,1397814733034573825,2021-05-27 07:19:37,b'Yesterday\xe2\x80\x99s presidential \xe2\x80\x9celection\xe2\x80\x9d in #Syria was neither free nor fair. It was a coronation\n\n\xf0\x9f\x87\xa9\xf0\x9f\x87\xb0 stands with the in\xe2\x80\xa6 https://t.co/tXiYO7Gao0'
jeppekofod,1397541101821734917,2021-05-26 13:12:18,"b'Stort tillykke til F\xc3\xa6r\xc3\xb8erne, @Tinganes der i dag er blevet optaget som associeret medlem i @WHO.\n\n\xf0\x9f\x87\xab\xf0\x9f\x87\xb4 har meget at b\xe2\x80\xa6 https://t.co/Y1xCF9Ask4'"
jeppekofod,1397201858096246792,2021-05-25 14:44:16,b'The Danish Parliament has approved deployment of a \xf0\x9f\x87\xa9\xf0\x9f\x87\xb0 frigate to the Gulf of Guinea to protect international shippi\xe2\x80\xa6 https://t.co/UmGbpbzVye'
jeppekofod,1397201023408685065,2021-05-25 14:40:57,b'Threats from terrorism and instability in the Sahel continue. \n\nThe Danish Parliament just approved a military cont\xe2\x80\xa6 https://t.co/KN14mCQ0TW'
jeppekofod,1397200585603043335,2021-05-25 14:39:12,b'Situation in #Mali most concerning. \n\nI strongly condemn the kidnapping of\xc2\xa0the president and PM of Mali transition\xe2\x80\xa6 https://t.co/4fR8j03ofI'
jeppekofod,1396857076979228673,2021-05-24 15:54:14,b'God pinsedag \xf0\x9f\x92\xaa \xf0\x9f\x98\x89\xf0\x9f\x98\x80\xf0\x9f\x95\xba\xf0\x9f\x8f\xbd https://t.co/EVEIfnTEnx'
jeppekofod,1396789069900877824,2021-05-24 11:24:00,b'Lukasjenkos b\xc3\xb8llemetoder n\xc3\xa5r stadig nye lavm\xc3\xa5l.\n\nDanmark vil presse p\xc3\xa5 for m\xc3\xa5lrettede og m\xc3\xa6rkbare EU-sanktioner.\xe2\x80\xa6 https://t.co/IsNU24FUFF'
jeppekofod,1396500646354903042,2021-05-23 16:17:54,b'Reports that a civilian airplane may have been redirected to #Minsk under false pretenses deeply disturbing.\xe2\x80\xa6 https://t.co/qjrSw1Fx08'
